[{"pk": 8, "model": "contenttypes.contenttype", "fields": {"model": "city", "name": "city", "app_label": "stanley_darpa"}}, {"pk": 5, "model": "contenttypes.contenttype", "fields": {"model": "contenttype", "name": "content type", "app_label": "contenttypes"}}, {"pk": 9, "model": "contenttypes.contenttype", "fields": {"model": "event", "name": "event", "app_label": "stanley_darpa"}}, {"pk": 2, "model": "contenttypes.contenttype", "fields": {"model": "group", "name": "group", "app_label": "auth"}}, {"pk": 11, "model": "contenttypes.contenttype", "fields": {"model": "logentry", "name": "log entry", "app_label": "admin"}}, {"pk": 4, "model": "contenttypes.contenttype", "fields": {"model": "message", "name": "message", "app_label": "auth"}}, {"pk": 1, "model": "contenttypes.contenttype", "fields": {"model": "permission", "name": "permission", "app_label": "auth"}}, {"pk": 6, "model": "contenttypes.contenttype", "fields": {"model": "session", "name": "session", "app_label": "sessions"}}, {"pk": 7, "model": "contenttypes.contenttype", "fields": {"model": "site", "name": "site", "app_label": "sites"}}, {"pk": 10, "model": "contenttypes.contenttype", "fields": {"model": "team", "name": "team", "app_label": "stanley_darpa"}}, {"pk": 3, "model": "contenttypes.contenttype", "fields": {"model": "user", "name": "user", "app_label": "auth"}}, {"pk": 1, "model": "sites.site", "fields": {"domain": "example.com", "name": "example.com"}}, {"pk": 59, "model": "stanley_darpa.city", "fields": {"state": " ", "name": "Ann Arbor, MI", "population": 1}}, {"pk": 16, "model": "stanley_darpa.city", "fields": {"state": " ", "name": "Aurora, CO", "population": 1}}, {"pk": 31, "model": "stanley_darpa.city", "fields": {"state": " ", "name": "Beijing, China", "population": 1}}, {"pk": 41, "model": "stanley_darpa.city", "fields": {"state": " ", "name": "Big Rapids, MI", "population": 1}}, {"pk": 49, "model": "stanley_darpa.city", "fields": {"state": " ", "name": "Bloomfield Hills, MI", "population": 1}}, {"pk": 14, "model": "stanley_darpa.city", "fields": {"state": " ", "name": "Bloomington, IN", "population": 1}}, {"pk": 0, "model": "stanley_darpa.city", "fields": {"state": " ", "name": "Bronx, NY", "population": 1}}, {"pk": 17, "model": "stanley_darpa.city", "fields": {"state": " ", "name": "Brooklyn, NY", "population": 1}}, {"pk": 33, "model": "stanley_darpa.city", "fields": {"state": " ", "name": "Cadillac, MI", "population": 1}}, {"pk": 55, "model": "stanley_darpa.city", "fields": {"state": " ", "name": "Canton, MI", "population": 1}}, {"pk": 9, "model": "stanley_darpa.city", "fields": {"state": " ", "name": "Chicago, IL", "population": 1}}, {"pk": 15, "model": "stanley_darpa.city", "fields": {"state": " ", "name": "Cincinnati, OH", "population": 1}}, {"pk": 3, "model": "stanley_darpa.city", "fields": {"state": " ", "name": "Columbus, OH", "population": 1}}, {"pk": 11, "model": "stanley_darpa.city", "fields": {"state": " ", "name": "Darien, CT", "population": 1}}, {"pk": 45, "model": "stanley_darpa.city", "fields": {"state": " ", "name": "Dearborn, MI", "population": 1}}, {"pk": 39, "model": "stanley_darpa.city", "fields": {"state": " ", "name": "East Grand Rapids, MI", "population": 1}}, {"pk": 1, "model": "stanley_darpa.city", "fields": {"state": " ", "name": "Edina, MN", "population": 1}}, {"pk": 43, "model": "stanley_darpa.city", "fields": {"state": " ", "name": "Farmington Hills, MI", "population": 1}}, {"pk": 53, "model": "stanley_darpa.city", "fields": {"state": " ", "name": "Flint, MI", "population": 1}}, {"pk": 38, "model": "stanley_darpa.city", "fields": {"state": " ", "name": "Forest Hills/Ada, MI", "population": 1}}, {"pk": 21, "model": "stanley_darpa.city", "fields": {"state": " ", "name": "Fort Wayne, IN", "population": 1}}, {"pk": 6, "model": "stanley_darpa.city", "fields": {"state": " ", "name": "Glendale, AZ", "population": 1}}, {"pk": 12, "model": "stanley_darpa.city", "fields": {"state": " ", "name": "Glendale, CA", "population": 1}}, {"pk": 20, "model": "stanley_darpa.city", "fields": {"state": " ", "name": "Great Neck, NY", "population": 1}}, {"pk": 44, "model": "stanley_darpa.city", "fields": {"state": " ", "name": "Grosse Pointe, MI", "population": 1}}, {"pk": 40, "model": "stanley_darpa.city", "fields": {"state": " ", "name": "Gull Lake, MI", "population": 1}}, {"pk": 42, "model": "stanley_darpa.city", "fields": {"state": " ", "name": "Harbor Springs, MI", "population": 1}}, {"pk": 8, "model": "stanley_darpa.city", "fields": {"state": " ", "name": "Highland Park, IL", "population": 1}}, {"pk": 18, "model": "stanley_darpa.city", "fields": {"state": " ", "name": "Hinsdale, IL", "population": 1}}, {"pk": 58, "model": "stanley_darpa.city", "fields": {"state": " ", "name": "Holland, MI", "population": 1}}, {"pk": 5, "model": "stanley_darpa.city", "fields": {"state": " ", "name": "Iowa City, IA", "population": 1}}, {"pk": 57, "model": "stanley_darpa.city", "fields": {"state": " ", "name": "Kalamazoo, MI", "population": 1}}, {"pk": 36, "model": "stanley_darpa.city", "fields": {"state": " ", "name": "Kentwood, MI", "population": 1}}, {"pk": 52, "model": "stanley_darpa.city", "fields": {"state": " ", "name": "Lansing, MI", "population": 1}}, {"pk": 24, "model": "stanley_darpa.city", "fields": {"state": " ", "name": "Lexington, KY", "population": 1}}, {"pk": 51, "model": "stanley_darpa.city", "fields": {"state": " ", "name": "Livonia, MI", "population": 1}}, {"pk": 2, "model": "stanley_darpa.city", "fields": {"state": " ", "name": "Madison, WI", "population": 1}}, {"pk": 23, "model": "stanley_darpa.city", "fields": {"state": " ", "name": "Manhattan, KS", "population": 1}}, {"pk": 48, "model": "stanley_darpa.city", "fields": {"state": " ", "name": "Midland, MI", "population": 1}}, {"pk": 56, "model": "stanley_darpa.city", "fields": {"state": " ", "name": "Novi, MI", "population": 1}}, {"pk": 34, "model": "stanley_darpa.city", "fields": {"state": " ", "name": "Okemos, MI", "population": 1}}, {"pk": 47, "model": "stanley_darpa.city", "fields": {"state": " ", "name": "Orchard Lake, MI", "population": 1}}, {"pk": 26, "model": "stanley_darpa.city", "fields": {"state": " ", "name": "Orlando, FL", "population": 1}}, {"pk": 13, "model": "stanley_darpa.city", "fields": {"state": " ", "name": "Palo Alto, CA", "population": 1}}, {"pk": 10, "model": "stanley_darpa.city", "fields": {"state": " ", "name": "Paramus, NJ", "population": 1}}, {"pk": 54, "model": "stanley_darpa.city", "fields": {"state": " ", "name": "Plymouth, MI", "population": 1}}, {"pk": 19, "model": "stanley_darpa.city", "fields": {"state": " ", "name": "Raleigh-Durham, NC", "population": 1}}, {"pk": 46, "model": "stanley_darpa.city", "fields": {"state": " ", "name": "Rockford, MI", "population": 1}}, {"pk": 50, "model": "stanley_darpa.city", "fields": {"state": " ", "name": "Saginaw, MI", "population": 1}}, {"pk": 28, "model": "stanley_darpa.city", "fields": {"state": " ", "name": "Seoul, Korea", "population": 1}}, {"pk": 30, "model": "stanley_darpa.city", "fields": {"state": " ", "name": "Shanghai, China", "population": 1}}, {"pk": 32, "model": "stanley_darpa.city", "fields": {"state": " ", "name": "Southfield, MI", "population": 1}}, {"pk": 27, "model": "stanley_darpa.city", "fields": {"state": " ", "name": "Summit, NJ", "population": 1}}, {"pk": 29, "model": "stanley_darpa.city", "fields": {"state": " ", "name": "Tokyo, Japan", "population": 1}}, {"pk": 4, "model": "stanley_darpa.city", "fields": {"state": " ", "name": "Toledo, OH", "population": 1}}, {"pk": 35, "model": "stanley_darpa.city", "fields": {"state": " ", "name": "Traverse City, MI", "population": 1}}, {"pk": 37, "model": "stanley_darpa.city", "fields": {"state": " ", "name": "Utica, MI", "population": 1}}, {"pk": 7, "model": "stanley_darpa.city", "fields": {"state": " ", "name": "Wilmette, IL", "population": 1}}, {"pk": 22, "model": "stanley_darpa.city", "fields": {"state": " ", "name": "Wilmington, DE", "population": 1}}, {"pk": 25, "model": "stanley_darpa.city", "fields": {"state": " ", "name": "Youngstown, OH", "population": 1}}, {"pk": 175, "model": "stanley_darpa.event", "fields": {"city": 19, "uniqname": "Eric Olivero", "on_campus": 1, "time": "2011-12-10 13:26:19", "story": "She's my friend from here at U of M. I called her and asked her to send me these pictures.", "team": 2, "pic_file": "photos/Raleigh_NC__team_fermi__Eric_Olivero.jpg"}}, {"pk": 174, "model": "stanley_darpa.event", "fields": {"city": 52, "uniqname": "Eric Olivero", "on_campus": 0, "time": "2011-12-10 13:24:49", "story": "my brother... I called him", "team": 2, "pic_file": "photos/Lansing_MI_red_cedar_river__team_fermi__Eric_Olivero.jpg"}}, {"pk": 173, "model": "stanley_darpa.event", "fields": {"city": 45, "uniqname": "Joanna Connelly", "on_campus": 1, "time": "2011-12-09 16:08:41", "story": "Asked on campus", "team": 2, "pic_file": "photos/111207-130059.jpg"}}, {"pk": 172, "model": "stanley_darpa.event", "fields": {"city": 24, "uniqname": "Daniel Lee", "on_campus": 0, "time": "2011-12-09 16:07:41", "story": "He is a personal friend of Daniel.  He is on the track team at University of Kentucky", "team": 2, "pic_file": "photos/photo_11.JPG"}}, {"pk": 171, "model": "stanley_darpa.event", "fields": {"city": 43, "uniqname": "Sabrina Khan", "on_campus": 1, "time": "2011-12-09 13:06:30", "story": "Friend", "team": 4, "pic_file": "photos/sabrina_khan_farm.jpg"}}, {"pk": 170, "model": "stanley_darpa.event", "fields": {"city": 55, "uniqname": "Sabrina Khan", "on_campus": 1, "time": "2011-12-09 13:06:01", "story": "Friend", "team": 4, "pic_file": "photos/sabrian_khan_canton_.jpg"}}, {"pk": 169, "model": "stanley_darpa.event", "fields": {"city": 28, "uniqname": "Sabrina Khan", "on_campus": 1, "time": "2011-12-09 13:05:31", "story": "Friend", "team": 4, "pic_file": "photos/photo-6_1.JPG"}}, {"pk": 168, "model": "stanley_darpa.event", "fields": {"city": 12, "uniqname": "Robert Clemente", "on_campus": 1, "time": "2011-12-09 13:04:40", "story": "Friend", "team": 4, "pic_file": "photos/photo-5_1.JPG"}}, {"pk": 167, "model": "stanley_darpa.event", "fields": {"city": 44, "uniqname": "Robert Clemente", "on_campus": 1, "time": "2011-12-09 13:03:14", "story": "Friend", "team": 4, "pic_file": "photos/photo-4_1.JPG"}}, {"pk": 166, "model": "stanley_darpa.event", "fields": {"city": 56, "uniqname": "Noura Garmo", "on_campus": 1, "time": "2011-12-09 13:01:32", "story": "Friend", "team": 4, "pic_file": "photos/photo-3_1.JPG"}}, {"pk": 165, "model": "stanley_darpa.event", "fields": {"city": 53, "uniqname": "Alex Levine", "on_campus": 1, "time": "2011-12-09 13:00:39", "story": "Friend. There is a second picture of him actually holding a schelling sign in the folder that we submitted on the jump drive", "team": 4, "pic_file": "photos/photo-1_1.JPG"}}, {"pk": 164, "model": "stanley_darpa.event", "fields": {"city": 31, "uniqname": "BreAnne Poirier", "on_campus": 1, "time": "2011-12-09 12:57:54", "story": "Friend", "team": 4, "pic_file": "photos/Photo_on_12-7-11_at_12.16_PM.jpg"}}, {"pk": 163, "model": "stanley_darpa.event", "fields": {"city": 17, "uniqname": "BreAnne Poirier", "on_campus": 0, "time": "2011-12-09 12:56:26", "story": "Friend", "team": 4, "pic_file": "photos/Photo_43.jpg"}}, {"pk": 162, "model": "stanley_darpa.event", "fields": {"city": 9, "uniqname": "Alex Levine", "on_campus": 1, "time": "2011-12-09 12:48:50", "story": "Friend", "team": 4, "pic_file": "photos/photo.jpg"}}, {"pk": 161, "model": "stanley_darpa.event", "fields": {"city": 1, "uniqname": "David Okada", "on_campus": 1, "time": "2011-12-09 12:47:09", "story": "Friend", "team": 4, "pic_file": "photos/DSCN1234.JPG"}}, {"pk": 160, "model": "stanley_darpa.event", "fields": {"city": 13, "uniqname": "BreAnne Poirier", "on_campus": 1, "time": "2011-12-09 12:45:37", "story": "I submitted this picture earlier saying she was off campus but she is actually on campus.", "team": 4, "pic_file": "photos/2011-12-07_12.10.13_1.jpg"}}, {"pk": 159, "model": "stanley_darpa.event", "fields": {"city": 51, "uniqname": "Nick Polvin", "on_campus": 1, "time": "2011-12-09 12:43:19", "story": "Friend", "team": 4, "pic_file": "photos/Livonia_Nick_Polvin.jpg"}}, {"pk": 158, "model": "stanley_darpa.event", "fields": {"city": 4, "uniqname": "Rocko Khoury", "on_campus": 1, "time": "2011-12-09 12:42:40", "story": "Teammate", "team": 4, "pic_file": "photos/IMG955620.jpg"}}, {"pk": 157, "model": "stanley_darpa.event", "fields": {"city": 34, "uniqname": "BreAnne Poirier", "on_campus": 1, "time": "2011-12-09 12:41:03", "story": "Friend", "team": 4, "pic_file": "photos/IMG955179.jpg"}}, {"pk": 156, "model": "stanley_darpa.event", "fields": {"city": 2, "uniqname": "BreAnne Poirier", "on_campus": 0, "time": "2011-12-09 12:37:13", "story": "Friend", "team": 4, "pic_file": "photos/IMG954343.jpg"}}, {"pk": 155, "model": "stanley_darpa.event", "fields": {"city": 26, "uniqname": "BreAnne Poirier", "on_campus": 1, "time": "2011-12-09 12:36:07", "story": "Friend", "team": 4, "pic_file": "photos/IMG950058.jpg"}}, {"pk": 154, "model": "stanley_darpa.event", "fields": {"city": 57, "uniqname": "sabi.khan567@gmail", "on_campus": 1, "time": "2011-12-09 12:34:46", "story": "Friend", "team": 4, "pic_file": "photos/IMG00106-20111207-1248.jpg"}}, {"pk": 153, "model": "stanley_darpa.event", "fields": {"city": 18, "uniqname": "Jon Puskar", "on_campus": 1, "time": "2011-12-09 12:31:03", "story": "Friend", "team": 4, "pic_file": "photos/IMG-20111207-00036.jpg"}}, {"pk": 152, "model": "stanley_darpa.event", "fields": {"city": 39, "uniqname": "Jon Puskar", "on_campus": 1, "time": "2011-12-09 12:25:04", "story": "Friend", "team": 4, "pic_file": "photos/Dec07950001.jpg"}}, {"pk": 151, "model": "stanley_darpa.event", "fields": {"city": 50, "uniqname": "Jon Puskar", "on_campus": 0, "time": "2011-12-09 12:22:47", "story": "Friend", "team": 4, "pic_file": "photos/1207011225.jpg"}}, {"pk": 150, "model": "stanley_darpa.event", "fields": {"city": 47, "uniqname": "BreAnne Poirier", "on_campus": 1, "time": "2011-12-09 12:21:17", "story": "In our section", "team": 4, "pic_file": "photos/2011-12-07_12.25.46.jpg"}}, {"pk": 149, "model": "stanley_darpa.event", "fields": {"city": 13, "uniqname": "BreAnne Poirier", "on_campus": 0, "time": "2011-12-09 12:19:14", "story": "Friend", "team": 4, "pic_file": "photos/2011-12-07_12.10.13.jpg"}}, {"pk": 148, "model": "stanley_darpa.event", "fields": {"city": 38, "uniqname": "Leslie horowitz", "on_campus": 1, "time": "2011-12-09 09:56:57", "story": "Sorority", "team": 2, "pic_file": "photos/forest_hills_-_leslie_horowitz.JPG"}}, {"pk": 147, "model": "stanley_darpa.event", "fields": {"city": 31, "uniqname": "Daniel Lee", "on_campus": 1, "time": "2011-12-09 09:56:31", "story": "Diag", "team": 2, "pic_file": "photos/Beijing.JPG"}}, {"pk": 146, "model": "stanley_darpa.event", "fields": {"city": 35, "uniqname": "Rocko Khoury", "on_campus": 1, "time": "2011-12-09 09:53:31", "story": "Rocko is this person", "team": 4, "pic_file": "photos/100MEDIA36IMAG0148.jpg"}}, {"pk": 145, "model": "stanley_darpa.event", "fields": {"city": 50, "uniqname": "Andrew Floyd", "on_campus": 1, "time": "2011-12-09 09:48:56", "story": "Diag", "team": 2, "pic_file": "photos/IMAG0254.jpg"}}, {"pk": 144, "model": "stanley_darpa.event", "fields": {"city": 59, "uniqname": "Karl Dunkle Werner", "on_campus": 1, "time": "2011-12-09 09:41:43", "story": "It's me.", "team": 2, "pic_file": "photos/IMAG0367.jpg"}}, {"pk": 143, "model": "stanley_darpa.event", "fields": {"city": 19, "uniqname": "Kevin Doherty", "on_campus": 1, "time": "2011-12-09 09:37:59", "story": "Asking people", "team": 2, "pic_file": "photos/raleigh_NC_-_kevin_doherty.jpg"}}, {"pk": 142, "model": "stanley_darpa.event", "fields": {"city": 54, "uniqname": "Daniel Ackerman", "on_campus": 1, "time": "2011-12-09 09:36:48", "story": "Fish bowl", "team": 2, "pic_file": "photos/plymouth_-_fish_bowl.JPG"}}, {"pk": 141, "model": "stanley_darpa.event", "fields": {"city": 27, "uniqname": "Jason Contangelo", "on_campus": 1, "time": "2011-12-09 09:35:17", "story": "?", "team": 2, "pic_file": "photos/sumit_NJ_-_jason_contangelo.jpg"}}, {"pk": 140, "model": "stanley_darpa.event", "fields": {"city": 0, "uniqname": "Kevin Doherty", "on_campus": 1, "time": "2011-12-09 09:32:49", "story": "Asked around.", "team": 2, "pic_file": "photos/photo12.JPG"}}, {"pk": 139, "model": "stanley_darpa.event", "fields": {"city": 14, "uniqname": "Andrew azorsky", "on_campus": 1, "time": "2011-12-08 13:01:54", "story": "Studying", "team": 2, "pic_file": "photos/photo4.jpeg"}}, {"pk": 138, "model": "stanley_darpa.event", "fields": {"city": 43, "uniqname": "Andrew Azorsky", "on_campus": 1, "time": "2011-12-08 12:59:48", "story": "Hatcher", "team": 2, "pic_file": "photos/photo.jpeg"}}, {"pk": 137, "model": "stanley_darpa.event", "fields": {"city": 46, "uniqname": "Daniel Ackerman", "on_campus": 1, "time": "2011-12-08 12:49:22", "story": "?", "team": 2, "pic_file": "photos/palo_alto.jpg"}}, {"pk": 136, "model": "stanley_darpa.event", "fields": {"city": 26, "uniqname": "Daniel Ackerman", "on_campus": 0, "time": "2011-12-08 12:43:38", "story": "Friend", "team": 2, "pic_file": "photos/orlando_-_daliel_ackerman_-_off_campus.jpg"}}, {"pk": 135, "model": "stanley_darpa.event", "fields": {"city": 48, "uniqname": "Daniel Ackerman", "on_campus": 1, "time": "2011-12-08 12:42:24", "story": "Friend", "team": 2, "pic_file": "photos/midland_-_daniel_ackerman.jpg"}}, {"pk": 134, "model": "stanley_darpa.event", "fields": {"city": 2, "uniqname": "Andrew Azorsky", "on_campus": 1, "time": "2011-12-08 12:37:53", "story": "Fish Bowl", "team": 2, "pic_file": "photos/madison_-_andrew_azorsky_fish_bowl.jpeg"}}, {"pk": 133, "model": "stanley_darpa.event", "fields": {"city": 51, "uniqname": "Kevin Doherty", "on_campus": 1, "time": "2011-12-08 12:36:29", "story": "Mason", "team": 2, "pic_file": "photos/livonia_-_kevin_doherty.jpg"}}, {"pk": 132, "model": "stanley_darpa.event", "fields": {"city": 52, "uniqname": "Daniel Ackerman", "on_campus": 0, "time": "2011-12-08 12:35:43", "story": "Friend", "team": 2, "pic_file": "photos/lansing.JPG"}}, {"pk": 131, "model": "stanley_darpa.event", "fields": {"city": 57, "uniqname": "Leslie Horwitz", "on_campus": 1, "time": "2011-12-08 12:34:08", "story": "South U", "team": 2, "pic_file": "photos/kalamazoo_1.jpg"}}, {"pk": 130, "model": "stanley_darpa.event", "fields": {"city": 4, "uniqname": "Andrew Alton Floyd", "on_campus": 1, "time": "2011-12-08 12:31:06", "story": "CCL hallway", "team": 2, "pic_file": "photos/IMAG0256.jpg"}}, {"pk": 129, "model": "stanley_darpa.event", "fields": {"city": 44, "uniqname": "Kevin Doherty", "on_campus": 1, "time": "2011-12-08 12:29:42", "story": "Friend", "team": 2, "pic_file": "photos/Grose_point.jpg"}}, {"pk": 128, "model": "stanley_darpa.event", "fields": {"city": 20, "uniqname": "Zach Stapf", "on_campus": 1, "time": "2011-12-08 12:28:33", "story": "East U", "team": 2, "pic_file": "photos/great_neck_on_east_U.jpg"}}, {"pk": 127, "model": "stanley_darpa.event", "fields": {"city": 53, "uniqname": "Andrew Alton Floyd", "on_campus": 1, "time": "2011-12-08 12:24:51", "story": "Bus stop", "team": 2, "pic_file": "photos/Flint_-_bus_stop.jpg"}}, {"pk": 126, "model": "stanley_darpa.event", "fields": {"city": 3, "uniqname": "Zach Stapf", "on_campus": 0, "time": "2011-12-08 12:21:33", "story": "Friend", "team": 2, "pic_file": "photos/columbus_1.jpg"}}, {"pk": 125, "model": "stanley_darpa.event", "fields": {"city": 9, "uniqname": "Kevin Doherty", "on_campus": 1, "time": "2011-12-08 12:19:08", "story": "Diag", "team": 2, "pic_file": "photos/Chicago_-_diag.jpg"}}, {"pk": 124, "model": "stanley_darpa.event", "fields": {"city": 49, "uniqname": "Daniel Ackerman", "on_campus": 1, "time": "2011-12-08 12:18:16", "story": "Angel Hall", "team": 2, "pic_file": "photos/bloomfield_hills_-_Angell.jpg"}}, {"pk": 123, "model": "stanley_darpa.event", "fields": {"city": 54, "uniqname": "not sure", "on_campus": 1, "time": "2011-12-08 10:22:22", "story": "friend we texted", "team": 1, "pic_file": "photos/plymouth_1.JPG"}}, {"pk": 122, "model": "stanley_darpa.event", "fields": {"city": 35, "uniqname": "kevin", "on_campus": 1, "time": "2011-12-08 10:20:36", "story": "friend we texted", "team": 1, "pic_file": "photos/traverse.JPG"}}, {"pk": 121, "model": "stanley_darpa.event", "fields": {"city": 30, "uniqname": "not sure", "on_campus": 0, "time": "2011-12-08 10:20:02", "story": "not sure", "team": 1, "pic_file": "photos/shanghai.JPG"}}, {"pk": 120, "model": "stanley_darpa.event", "fields": {"city": 28, "uniqname": "lily", "on_campus": 1, "time": "2011-12-08 10:18:06", "story": "friend", "team": 1, "pic_file": "photos/seoul.JPG"}}, {"pk": 119, "model": "stanley_darpa.event", "fields": {"city": 59, "uniqname": "lily", "on_campus": 1, "time": "2011-12-08 10:17:34", "story": "found in fishbowl", "team": 1, "pic_file": "photos/plymouth.JPG"}}, {"pk": 118, "model": "stanley_darpa.event", "fields": {"city": 57, "uniqname": "not sure", "on_campus": 1, "time": "2011-12-08 10:16:31", "story": "friend we called", "team": 1, "pic_file": "photos/Photo_on_12-7-11_at_12.00_PM_2_1_1.jpg"}}, {"pk": 117, "model": "stanley_darpa.event", "fields": {"city": 56, "uniqname": "Kevin", "on_campus": 0, "time": "2011-12-08 10:14:33", "story": "friend we called", "team": 1, "pic_file": "photos/novi_3.JPG"}}, {"pk": 116, "model": "stanley_darpa.event", "fields": {"city": 48, "uniqname": "not sure", "on_campus": 1, "time": "2011-12-08 10:13:31", "story": "friend we called", "team": 1, "pic_file": "photos/midland.JPG"}}, {"pk": 115, "model": "stanley_darpa.event", "fields": {"city": 2, "uniqname": "not sure", "on_campus": 0, "time": "2011-12-08 10:11:45", "story": "Friend at U of W", "team": 1, "pic_file": "photos/kim_1.JPG"}}, {"pk": 114, "model": "stanley_darpa.event", "fields": {"city": 24, "uniqname": "not sure", "on_campus": 1, "time": "2011-12-08 10:10:46", "story": "friend we texted", "team": 1, "pic_file": "photos/lexington.JPG"}}, {"pk": 113, "model": "stanley_darpa.event", "fields": {"city": 9, "uniqname": "not sure", "on_campus": 0, "time": "2011-12-08 10:09:20", "story": "Friend who we called", "team": 1, "pic_file": "photos/IMG954158_1.jpg"}}, {"pk": 112, "model": "stanley_darpa.event", "fields": {"city": 58, "uniqname": "not sure", "on_campus": 1, "time": "2011-12-08 10:08:05", "story": "friend we texted", "team": 1, "pic_file": "photos/holland.JPG"}}, {"pk": 111, "model": "stanley_darpa.event", "fields": {"city": 44, "uniqname": "lily", "on_campus": 1, "time": "2011-12-08 10:07:26", "story": "friend we texted", "team": 1, "pic_file": "photos/grosse_pointe.JPG"}}, {"pk": 110, "model": "stanley_darpa.event", "fields": {"city": 39, "uniqname": "not sure", "on_campus": 1, "time": "2011-12-08 10:06:18", "story": "friend who we texted", "team": 1, "pic_file": "photos/grand_rapids.JPG"}}, {"pk": 109, "model": "stanley_darpa.event", "fields": {"city": 43, "uniqname": "lily", "on_campus": 1, "time": "2011-12-08 10:05:38", "story": "In fishbowl", "team": 1, "pic_file": "photos/farmington.JPG"}}, {"pk": 108, "model": "stanley_darpa.event", "fields": {"city": 52, "uniqname": "not sure", "on_campus": 1, "time": "2011-12-08 10:04:29", "story": "In fishbowl", "team": 1, "pic_file": "photos/east_lansing.JPG"}}, {"pk": 107, "model": "stanley_darpa.event", "fields": {"city": 45, "uniqname": "not sure", "on_campus": 1, "time": "2011-12-08 10:03:34", "story": "In fishbowl", "team": 1, "pic_file": "photos/dearborn.JPG"}}, {"pk": 106, "model": "stanley_darpa.event", "fields": {"city": 3, "uniqname": "Hannah P.", "on_campus": 0, "time": "2011-12-08 10:02:07", "story": "Friend at OSU", "team": 1, "pic_file": "photos/columbus.jpg"}}, {"pk": 105, "model": "stanley_darpa.event", "fields": {"city": 49, "uniqname": "Kevin", "on_campus": 1, "time": "2011-12-08 10:00:47", "story": "Friend, texted him", "team": 1, "pic_file": "photos/bloomfield.JPG"}}, {"pk": 104, "model": "stanley_darpa.event", "fields": {"city": 31, "uniqname": "not sure", "on_campus": 1, "time": "2011-12-08 10:00:12", "story": "Professor", "team": 1, "pic_file": "photos/beijing.jpg"}}, {"pk": 103, "model": "stanley_darpa.event", "fields": {"city": 44, "uniqname": "Ryan Isakow", "on_campus": 1, "time": "2011-12-07 13:05:00", "story": "Late, but through facebook. Friend of a friend. ", "team": 6, "pic_file": "photos/Photo_on_12-7-11_at_1.50_PM.jpg"}}, {"pk": 102, "model": "stanley_darpa.event", "fields": {"city": 56, "uniqname": "Yisi", "on_campus": 1, "time": "2011-12-07 12:12:36", "story": "via. email", "team": 6, "pic_file": "photos/novi.jpg"}}, {"pk": 101, "model": "stanley_darpa.event", "fields": {"city": 7, "uniqname": "Andrew Schantz", "on_campus": 1, "time": "2011-12-07 12:11:03", "story": "Called my friend", "team": 3, "pic_file": "photos/photo-6.JPG"}}, {"pk": 100, "model": "stanley_darpa.event", "fields": {"city": 13, "uniqname": "louis", "on_campus": 0, "time": "2011-12-07 12:08:03", "story": "friend", "team": 6, "pic_file": "photos/photo_10.JPG"}}, {"pk": 99, "model": "stanley_darpa.event", "fields": {"city": 2, "uniqname": "andrew hirschel", "on_campus": 0, "time": "2011-12-07 12:07:36", "story": "friend", "team": 6, "pic_file": "photos/madison.jpg"}}, {"pk": 98, "model": "stanley_darpa.event", "fields": {"city": 43, "uniqname": "MAtt", "on_campus": 1, "time": "2011-12-07 12:07:34", "story": "Campus", "team": 5, "pic_file": "photos/Screen_shot_2011-12-07_at_12.17.53_PM.png"}}, {"pk": 97, "model": "stanley_darpa.event", "fields": {"city": 55, "uniqname": "Matt", "on_campus": 1, "time": "2011-12-07 12:06:57", "story": "Campus", "team": 5, "pic_file": "photos/Screen_shot_2011-12-07_at_12.18.37_PM.png"}}, {"pk": 96, "model": "stanley_darpa.event", "fields": {"city": 53, "uniqname": "Devere", "on_campus": 1, "time": "2011-12-07 12:05:34", "story": "Friend", "team": 5, "pic_file": "photos/flintphoto.JPG"}}, {"pk": 95, "model": "stanley_darpa.event", "fields": {"city": 4, "uniqname": "jeff ong", "on_campus": 1, "time": "2011-12-07 12:05:22", "story": "friend, text", "team": 6, "pic_file": "photos/toledo.JPG"}}, {"pk": 94, "model": "stanley_darpa.event", "fields": {"city": 51, "uniqname": "Ashley", "on_campus": 1, "time": "2011-12-07 12:05:04", "story": "Friend", "team": 5, "pic_file": "photos/Livonia.png"}}, {"pk": 93, "model": "stanley_darpa.event", "fields": {"city": 31, "uniqname": "Zach Kessler", "on_campus": 1, "time": "2011-12-07 12:04:17", "story": "old prof", "team": 6, "pic_file": "photos/beijing.png"}}, {"pk": 92, "model": "stanley_darpa.event", "fields": {"city": 57, "uniqname": "Yisi", "on_campus": 1, "time": "2011-12-07 12:03:50", "story": "via. email", "team": 6, "pic_file": "photos/kalamazoo.jpg"}}, {"pk": 91, "model": "stanley_darpa.event", "fields": {"city": 57, "uniqname": "Austin Kronig", "on_campus": 1, "time": "2011-12-07 12:03:18", "story": "friend", "team": 6, "pic_file": "photos/kzoo.JPG"}}, {"pk": 90, "model": "stanley_darpa.event", "fields": {"city": 51, "uniqname": "ryan isakow", "on_campus": 1, "time": "2011-12-07 12:02:38", "story": "friend of friend", "team": 6, "pic_file": "photos/livonia.jpg"}}, {"pk": 89, "model": "stanley_darpa.event", "fields": {"city": 8, "uniqname": "ryan isakow", "on_campus": 1, "time": "2011-12-07 12:01:49", "story": "diag", "team": 6, "pic_file": "photos/highland_park.jpg"}}, {"pk": 88, "model": "stanley_darpa.event", "fields": {"city": 32, "uniqname": "ryan isakow", "on_campus": 1, "time": "2011-12-07 12:01:25", "story": "family friend", "team": 6, "pic_file": "photos/Southfield.jpg"}}, {"pk": 87, "model": "stanley_darpa.event", "fields": {"city": 3, "uniqname": "Jon Hornstein", "on_campus": 1, "time": "2011-12-07 12:00:46", "story": "friend", "team": 6, "pic_file": "photos/columbus.JPG"}}, {"pk": 86, "model": "stanley_darpa.event", "fields": {"city": 57, "uniqname": "Andrew Schantz", "on_campus": 1, "time": "2011-12-07 12:00:40", "story": "Called my roommmate", "team": 3, "pic_file": "photos/photo-5.JPG"}}, {"pk": 85, "model": "stanley_darpa.event", "fields": {"city": 28, "uniqname": "Alyssa Schwarcz", "on_campus": 1, "time": "2011-12-07 12:00:31", "story": "In Mason Hall", "team": 5, "pic_file": "photos/IMG_0079.MOV"}}, {"pk": 84, "model": "stanley_darpa.event", "fields": {"city": 44, "uniqname": "Michael Proppe", "on_campus": 1, "time": "2011-12-07 12:00:12", "story": "roommate", "team": 5, "pic_file": "photos/IMG_0233.JPG"}}, {"pk": 83, "model": "stanley_darpa.event", "fields": {"city": 2, "uniqname": "Leah Hubinger", "on_campus": 0, "time": "2011-12-07 12:00:11", "story": "facebook friends", "team": 1, "pic_file": "photos/kim.JPG"}}, {"pk": 82, "model": "stanley_darpa.event", "fields": {"city": 58, "uniqname": "Ammy Yuan", "on_campus": 1, "time": "2011-12-07 12:00:08", "story": "chem bldg", "team": 6, "pic_file": "photos/holland.tiff"}}, {"pk": 81, "model": "stanley_darpa.event", "fields": {"city": 55, "uniqname": "Andrew Schantz", "on_campus": 1, "time": "2011-12-07 12:00:03", "story": "Asked around in Library", "team": 3, "pic_file": "photos/photo-4.JPG"}}, {"pk": 80, "model": "stanley_darpa.event", "fields": {"city": 2, "uniqname": "Andrew Schantz", "on_campus": 1, "time": "2011-12-07 11:59:37", "story": "Asked in Library", "team": 3, "pic_file": "photos/photo-3.JPG"}}, {"pk": 79, "model": "stanley_darpa.event", "fields": {"city": 42, "uniqname": "Daniel Caldwell", "on_campus": 0, "time": "2011-12-07 11:59:15", "story": "From my hometown", "team": 5, "pic_file": "photos/2011-12-07-124750.jpeg"}}, {"pk": 78, "model": "stanley_darpa.event", "fields": {"city": 15, "uniqname": "Andrew Schantz", "on_campus": 1, "time": "2011-12-07 11:59:11", "story": "Asked in Library", "team": 3, "pic_file": "photos/photo-2.JPG"}}, {"pk": 77, "model": "stanley_darpa.event", "fields": {"city": 13, "uniqname": "Daniel Caldwell", "on_campus": 0, "time": "2011-12-07 11:58:36", "story": "A friend gave me his phone number", "team": 5, "pic_file": "photos/photo_9.JPG"}}, {"pk": 76, "model": "stanley_darpa.event", "fields": {"city": 57, "uniqname": "Michael Proppe", "on_campus": 1, "time": "2011-12-07 11:58:26", "story": "Friend-business school", "team": 5, "pic_file": "photos/2011-12-07_12.13.58_1.jpg"}}, {"pk": 75, "model": "stanley_darpa.event", "fields": {"city": 57, "uniqname": "Daniel Caldwell", "on_campus": 1, "time": "2011-12-07 11:57:53", "story": "Fraternity brother - Mattawan is a part of Kalamazoo", "team": 5, "pic_file": "photos/Photo_on_2011-12-07_at_12.jpeg"}}, {"pk": 74, "model": "stanley_darpa.event", "fields": {"city": 27, "uniqname": "Daniel Caldwell", "on_campus": 1, "time": "2011-12-07 11:57:22", "story": "Fraternity brother", "team": 5, "pic_file": "photos/Lembke.JPG"}}, {"pk": 46, "model": "stanley_darpa.event", "fields": {"city": 3, "uniqname": "Rocko Khoury", "on_campus": 1, "time": "2011-12-07 11:21:40", "story": "Teammate and friend on campus", "team": 4, "pic_file": "photos/1207111211a.jpg"}}, {"pk": 45, "model": "stanley_darpa.event", "fields": {"city": 9, "uniqname": "Matt", "on_campus": 1, "time": "2011-12-07 11:21:39", "story": "campus", "team": 5, "pic_file": "photos/Screen_shot_2011-12-07_at_12.19.26_PM.png"}}, {"pk": 44, "model": "stanley_darpa.event", "fields": {"city": 38, "uniqname": "Breanna Poiner", "on_campus": 1, "time": "2011-12-07 11:20:48", "story": "Friend", "team": 4, "pic_file": "photos/2011-12-07_12.02.52_1.jpg"}}, {"pk": 43, "model": "stanley_darpa.event", "fields": {"city": 13, "uniqname": "Jeff Sklarin", "on_campus": 1, "time": "2011-12-07 11:19:58", "story": "Noah Johnson went to a rival high school of mine, and got a picture of him at his fraternity on campus. ", "team": 2, "pic_file": "photos/Noah.jpg"}}, {"pk": 42, "model": "stanley_darpa.event", "fields": {"city": 9, "uniqname": "Molly", "on_campus": 1, "time": "2011-12-07 11:19:53", "story": "Friend, text ", "team": 1, "pic_file": "photos/IMG954158.jpg"}}, {"pk": 41, "model": "stanley_darpa.event", "fields": {"city": 15, "uniqname": "Ammy Yuan", "on_campus": 1, "time": "2011-12-07 11:19:53", "story": "espresso royale", "team": 6, "pic_file": "photos/photo_7_1.JPG"}}, {"pk": 40, "model": "stanley_darpa.event", "fields": {"city": 28, "uniqname": "Daniel Lee", "on_campus": 1, "time": "2011-12-07 11:18:43", "story": "Diag", "team": 2, "pic_file": "photos/photo_8.JPG"}}, {"pk": 39, "model": "stanley_darpa.event", "fields": {"city": 1, "uniqname": "Demere, Matt", "on_campus": 1, "time": "2011-12-07 11:18:13", "story": "He was in our group", "team": 5, "pic_file": "photos/IMAG0114.jpg"}}, {"pk": 38, "model": "stanley_darpa.event", "fields": {"city": 7, "uniqname": "Ammy yuan", "on_campus": 1, "time": "2011-12-07 11:18:12", "story": "Chem building", "team": 6, "pic_file": "photos/photo_6_1.JPG"}}, {"pk": 37, "model": "stanley_darpa.event", "fields": {"city": 8, "uniqname": "Molly", "on_campus": 1, "time": "2011-12-07 11:17:25", "story": "Friend", "team": 5, "pic_file": "photos/Screen_shot_2011-12-07_at_12.16.02_PM.png"}}, {"pk": 36, "model": "stanley_darpa.event", "fields": {"city": 43, "uniqname": "Hannah Poindexter", "on_campus": 1, "time": "2011-12-07 11:15:48", "story": "On Diag", "team": 1, "pic_file": "photos/IMG-20111207-00172.jpg"}}, {"pk": 35, "model": "stanley_darpa.event", "fields": {"city": 45, "uniqname": "Stephen Su", "on_campus": 1, "time": "2011-12-07 11:15:46", "story": "Bus stop", "team": 6, "pic_file": "photos/photo_4_1.JPG"}}, {"pk": 34, "model": "stanley_darpa.event", "fields": {"city": 55, "uniqname": "Kyle vinuya", "on_campus": 1, "time": "2011-12-07 11:15:26", "story": "In the ugli, asked randomly.", "team": 6, "pic_file": "photos/IMAG0560.jpg"}}, {"pk": 33, "model": "stanley_darpa.event", "fields": {"city": 21, "uniqname": "Austin Kronig", "on_campus": 1, "time": "2011-12-07 11:15:00", "story": "phone call. friend.", "team": 6, "pic_file": "photos/photo_3_1.JPG"}}, {"pk": 32, "model": "stanley_darpa.event", "fields": {"city": 35, "uniqname": "Jeff Sklarin", "on_campus": 1, "time": "2011-12-07 11:14:03", "story": "This person is in my fraternity.  ", "team": 2, "pic_file": "photos/turner.jpg"}}, {"pk": 31, "model": "stanley_darpa.event", "fields": {"city": 8, "uniqname": "Zachary Michael Stap", "on_campus": 1, "time": "2011-12-07 11:13:34", "story": "?", "team": 2, "pic_file": "photos/Highland_park.jpg"}}, {"pk": 30, "model": "stanley_darpa.event", "fields": {"city": 38, "uniqname": "Breanne Poirier", "on_campus": 1, "time": "2011-12-07 11:13:20", "story": "Friend", "team": 4, "pic_file": "photos/2011-12-07_12.02.52.jpg"}}, {"pk": 29, "model": "stanley_darpa.event", "fields": {"city": 17, "uniqname": "Kyle vinuya", "on_campus": 1, "time": "2011-12-07 11:12:33", "story": "In the ugli, through fraternity. ", "team": 6, "pic_file": "photos/IMAG0558.jpg"}}, {"pk": 28, "model": "stanley_darpa.event", "fields": {"city": 51, "uniqname": "Olivia Horn", "on_campus": 1, "time": "2011-12-07 11:11:52", "story": "Olivia (team member) grew up there.", "team": 5, "pic_file": "photos/Photo_on_2011-12-07_at_12.10.jpg"}}, {"pk": 27, "model": "stanley_darpa.event", "fields": {"city": 39, "uniqname": "Kyle vinuya", "on_campus": 1, "time": "2011-12-07 11:10:42", "story": "In the Ugli, through fraternity.", "team": 6, "pic_file": "photos/IMAG0557.jpg"}}, {"pk": 26, "model": "stanley_darpa.event", "fields": {"city": 1, "uniqname": "Haley Kopmeyer", "on_campus": 0, "time": "2011-12-07 11:10:37", "story": "Friend from home.", "team": 4, "pic_file": "photos/photo_7.JPG"}}, {"pk": 25, "model": "stanley_darpa.event", "fields": {"city": 1, "uniqname": "Haley Kopmeyer", "on_campus": 0, "time": "2011-12-07 11:10:37", "story": "Friend from home.", "team": 4, "pic_file": "photos/photo_6.JPG"}}, {"pk": 24, "model": "stanley_darpa.event", "fields": {"city": 41, "uniqname": "Molly", "on_campus": 1, "time": "2011-12-07 11:09:35", "story": "in my group!", "team": 5, "pic_file": "photos/photo_5.JPG"}}, {"pk": 23, "model": "stanley_darpa.event", "fields": {"city": 51, "uniqname": "Hannah Poindexter", "on_campus": 1, "time": "2011-12-07 11:08:43", "story": "Sorority sister!", "team": 1, "pic_file": "photos/Photo_on_12-7-11_at_12.00_PM_2_1.jpg"}}, {"pk": 22, "model": "stanley_darpa.event", "fields": {"city": 44, "uniqname": "Andrew Schantz", "on_campus": 1, "time": "2011-12-07 11:08:33", "story": "Member of our group", "team": 3, "pic_file": "photos/photo-1.JPG"}}, {"pk": 21, "model": "stanley_darpa.event", "fields": {"city": 20, "uniqname": "Molly", "on_campus": 1, "time": "2011-12-07 11:08:23", "story": "Friend", "team": 5, "pic_file": "photos/Photo_on_12-7-11_at_12.07_PM.jpg"}}, {"pk": 20, "model": "stanley_darpa.event", "fields": {"city": 44, "uniqname": "Zachary Michael Stap", "on_campus": 1, "time": "2011-12-07 11:08:03", "story": "campus right outside west hall", "team": 2, "pic_file": "photos/IMG00373-20111207-1159_1.jpg"}}, {"pk": 19, "model": "stanley_darpa.event", "fields": {"city": 35, "uniqname": "Jon Puskar", "on_campus": 1, "time": "2011-12-07 11:07:18", "story": "Friend on campus", "team": 4, "pic_file": "photos/IMG954279.jpg"}}, {"pk": 18, "model": "stanley_darpa.event", "fields": {"city": 44, "uniqname": "Zachary Michael Stap", "on_campus": 0, "time": "2011-12-07 11:06:45", "story": "Friend", "team": 2, "pic_file": "photos/IMG00373-20111207-1159.jpg"}}, {"pk": 17, "model": "stanley_darpa.event", "fields": {"city": 48, "uniqname": "Maha Al Fahim", "on_campus": 1, "time": "2011-12-07 11:06:19", "story": "Just randomly asked her", "team": 1, "pic_file": "photos/photo1.JPG"}}, {"pk": 16, "model": "stanley_darpa.event", "fields": {"city": 51, "uniqname": "Allison Gilley", "on_campus": 1, "time": "2011-12-07 11:06:01", "story": "It's me!", "team": 5, "pic_file": "photos/Photo_on_2011-12-07_at_12.04.jpg"}}, {"pk": 15, "model": "stanley_darpa.event", "fields": {"city": 39, "uniqname": "Tessa", "on_campus": 1, "time": "2011-12-07 11:05:55", "story": "In group ", "team": 3, "pic_file": "photos/Photo_641.jpg"}}, {"pk": 14, "model": "stanley_darpa.event", "fields": {"city": 59, "uniqname": "Molly", "on_campus": 1, "time": "2011-12-07 11:04:02", "story": "Class", "team": 5, "pic_file": "photos/photo_4.JPG"}}, {"pk": 13, "model": "stanley_darpa.event", "fields": {"city": 59, "uniqname": "Andrew Schantz", "on_campus": 1, "time": "2011-12-07 11:03:00", "story": "Asked in my group ", "team": 3, "pic_file": "photos/photo_3.JPG"}}, {"pk": 12, "model": "stanley_darpa.event", "fields": {"city": 38, "uniqname": "Thomas Roltsch", "on_campus": 1, "time": "2011-12-07 11:02:41", "story": "Thomas graduated from Forest Hills Central", "team": 5, "pic_file": "photos/n1254240159_30541719_9120.jpg"}}, {"pk": 11, "model": "stanley_darpa.event", "fields": {"city": 54, "uniqname": "Austin Kronig", "on_campus": 1, "time": "2011-12-07 11:01:23", "story": "On our team.", "team": 6, "pic_file": "photos/photo_2.JPG"}}, {"pk": 10, "model": "stanley_darpa.event", "fields": {"city": 9, "uniqname": "Nick and Elizabeth", "on_campus": 1, "time": "2011-12-07 11:00:06", "story": "social network", "team": 1, "pic_file": "photos/Tom-Chicago.jpg"}}, {"pk": 9, "model": "stanley_darpa.event", "fields": {"city": 0, "uniqname": "Jon Hornstein", "on_campus": 1, "time": "2011-12-07 10:59:40", "story": "North campus friend.", "team": 6, "pic_file": "photos/photo_1.JPG"}}, {"pk": 8, "model": "stanley_darpa.event", "fields": {"city": 58, "uniqname": "Hannah Poindexter", "on_campus": 1, "time": "2011-12-07 10:58:25", "story": "Team member- taken in class!", "team": 1, "pic_file": "photos/Image90.jpg"}}, {"pk": 7, "model": "stanley_darpa.event", "fields": {"city": 30, "uniqname": "Stephen Su", "on_campus": 1, "time": "2011-12-07 10:57:27", "story": "In class", "team": 6, "pic_file": "photos/photo.JPG"}}, {"pk": 6, "model": "stanley_darpa.event", "fields": {"city": 54, "uniqname": "Michael Proppe", "on_campus": 1, "time": "2011-12-07 10:57:07", "story": "I am him. ", "team": 5, "pic_file": "photos/Photo_on_12-7-11_at_11.54_AM.jpg"}}, {"pk": 5, "model": "stanley_darpa.event", "fields": {"city": 59, "uniqname": "Stephen Su", "on_campus": 1, "time": "2011-12-07 10:56:38", "story": "In class", "team": 6, "pic_file": "photos/mms_picture_1.jpg"}}, {"pk": 4, "model": "stanley_darpa.event", "fields": {"city": 48, "uniqname": "Leah Hubinger", "on_campus": 1, "time": "2011-12-07 10:55:17", "story": "I am this person", "team": 1, "pic_file": "photos/Snapshot_20111207_1_0.bmp"}}, {"pk": 3, "model": "stanley_darpa.event", "fields": {"city": 59, "uniqname": "Ryan Isakow", "on_campus": 1, "time": "2011-12-07 10:54:50", "story": "Yelling on diag", "team": 6, "pic_file": "photos/IMAG0555.jpg"}}, {"pk": 2, "model": "stanley_darpa.event", "fields": {"city": 28, "uniqname": "Zach Kessler", "on_campus": 1, "time": "2011-12-07 10:53:41", "story": "He's on our team.", "team": 6, "pic_file": "photos/mms_picture.jpg"}}, {"pk": 1, "model": "stanley_darpa.event", "fields": {"city": 49, "uniqname": "Kyle vinuya", "on_campus": 1, "time": "2011-12-07 10:51:23", "story": "Knew them on diag", "team": 6, "pic_file": "photos/IMAG0554.jpg"}}, {"pk": 1, "model": "stanley_darpa.team", "fields": {"name": "Team Lyapunov"}}, {"pk": 2, "model": "stanley_darpa.team", "fields": {"name": "Team Fermi"}}, {"pk": 3, "model": "stanley_darpa.team", "fields": {"name": "Team Nowak"}}, {"pk": 4, "model": "stanley_darpa.team", "fields": {"name": "Team Schelling"}}, {"pk": 5, "model": "stanley_darpa.team", "fields": {"name": "Team Bass"}}, {"pk": 6, "model": "stanley_darpa.team", "fields": {"name": "Team Markov"}}, {"pk": 31, "model": "auth.permission", "fields": {"codename": "add_logentry", "name": "Can add log entry", "content_type": 11}}, {"pk": 32, "model": "auth.permission", "fields": {"codename": "change_logentry", "name": "Can change log entry", "content_type": 11}}, {"pk": 33, "model": "auth.permission", "fields": {"codename": "delete_logentry", "name": "Can delete log entry", "content_type": 11}}, {"pk": 4, "model": "auth.permission", "fields": {"codename": "add_group", "name": "Can add group", "content_type": 2}}, {"pk": 5, "model": "auth.permission", "fields": {"codename": "change_group", "name": "Can change group", "content_type": 2}}, {"pk": 6, "model": "auth.permission", "fields": {"codename": "delete_group", "name": "Can delete group", "content_type": 2}}, {"pk": 10, "model": "auth.permission", "fields": {"codename": "add_message", "name": "Can add message", "content_type": 4}}, {"pk": 11, "model": "auth.permission", "fields": {"codename": "change_message", "name": "Can change message", "content_type": 4}}, {"pk": 12, "model": "auth.permission", "fields": {"codename": "delete_message", "name": "Can delete message", "content_type": 4}}, {"pk": 1, "model": "auth.permission", "fields": {"codename": "add_permission", "name": "Can add permission", "content_type": 1}}, {"pk": 2, "model": "auth.permission", "fields": {"codename": "change_permission", "name": "Can change permission", "content_type": 1}}, {"pk": 3, "model": "auth.permission", "fields": {"codename": "delete_permission", "name": "Can delete permission", "content_type": 1}}, {"pk": 7, "model": "auth.permission", "fields": {"codename": "add_user", "name": "Can add user", "content_type": 3}}, {"pk": 8, "model": "auth.permission", "fields": {"codename": "change_user", "name": "Can change user", "content_type": 3}}, {"pk": 9, "model": "auth.permission", "fields": {"codename": "delete_user", "name": "Can delete user", "content_type": 3}}, {"pk": 13, "model": "auth.permission", "fields": {"codename": "add_contenttype", "name": "Can add content type", "content_type": 5}}, {"pk": 14, "model": "auth.permission", "fields": {"codename": "change_contenttype", "name": "Can change content type", "content_type": 5}}, {"pk": 15, "model": "auth.permission", "fields": {"codename": "delete_contenttype", "name": "Can delete content type", "content_type": 5}}, {"pk": 16, "model": "auth.permission", "fields": {"codename": "add_session", "name": "Can add session", "content_type": 6}}, {"pk": 17, "model": "auth.permission", "fields": {"codename": "change_session", "name": "Can change session", "content_type": 6}}, {"pk": 18, "model": "auth.permission", "fields": {"codename": "delete_session", "name": "Can delete session", "content_type": 6}}, {"pk": 19, "model": "auth.permission", "fields": {"codename": "add_site", "name": "Can add site", "content_type": 7}}, {"pk": 20, "model": "auth.permission", "fields": {"codename": "change_site", "name": "Can change site", "content_type": 7}}, {"pk": 21, "model": "auth.permission", "fields": {"codename": "delete_site", "name": "Can delete site", "content_type": 7}}, {"pk": 22, "model": "auth.permission", "fields": {"codename": "add_city", "name": "Can add city", "content_type": 8}}, {"pk": 23, "model": "auth.permission", "fields": {"codename": "change_city", "name": "Can change city", "content_type": 8}}, {"pk": 24, "model": "auth.permission", "fields": {"codename": "delete_city", "name": "Can delete city", "content_type": 8}}, {"pk": 25, "model": "auth.permission", "fields": {"codename": "add_event", "name": "Can add event", "content_type": 9}}, {"pk": 26, "model": "auth.permission", "fields": {"codename": "change_event", "name": "Can change event", "content_type": 9}}, {"pk": 27, "model": "auth.permission", "fields": {"codename": "delete_event", "name": "Can delete event", "content_type": 9}}, {"pk": 28, "model": "auth.permission", "fields": {"codename": "add_team", "name": "Can add team", "content_type": 10}}, {"pk": 29, "model": "auth.permission", "fields": {"codename": "change_team", "name": "Can change team", "content_type": 10}}, {"pk": 30, "model": "auth.permission", "fields": {"codename": "delete_team", "name": "Can delete team", "content_type": 10}}]